{
	"stage": "$context.stage",
	"request_id": "$context.requestId",
	"api_id": "$context.apiId",
	"resource_path": "$context.resourcePath",
	"resource_id": "$context.resourceId",
	"http_method": "$context.httpMethod",
	"source_ip": "$context.identity.sourceIp",
	"user-agent": "$context.identity.userAgent",
	"account_id": "$context.identity.accountId",
	"api_key": "$context.identity.apiKey",
	"caller": "$context.identity.caller",
	"user_arn": "$context.identity.userArn",
	"ip": "$context.identity.sourceIp",
	"user": "$context.identity.user",
	"requestTime": "$context.requestTime",
	"status": "$context.status",
	"protocol": "$context.protocol",
	"responseLength": "$context.responseLength",
	"errorMessage": "$context.error.message",
	"errorMessageString": "$context.error.messageString",
	"name": "$input.params('name')",
	"body": "$input.json('$')"
}