{
    "Version": "2012-10-17",
    "Statement": [
        {
            "Sid": "VisualEditor0",
            "Effect": "Allow",
            "Action": [
                "athena:GetNamespace",
                "athena:GetQueryResults",
                "athena:GetQueryExecutions",
                "athena:GetNamedQuery",
                "athena:GetCatalogs",
                "athena:ListQueryExecutions",
                "athena:ListNamedQueries",
                "athena:GetNamespaces",
                "athena:GetExecutionEngine",
                "athena:GetQueryExecution",
                "athena:GetExecutionEngines",
                "athena:GetTables",
                "athena:GetTable",
                "athena:BatchGetNamedQuery",
                "athena:BatchGetQueryExecution"
            ],
            "Resource": "*"
        }
    ]
}