{
    "Version": "2012-10-17",
    "Statement": [
        {
            "Sid": "",
            "Effect": "Allow",
            "Action": [
                "glue:GetTableVersions"
            ],
            "Resource": "*"
        },
        {
            "Sid": "",
            "Effect": "Allow",
            "Action": [
                "s3:AbortMultipartUpload",
                "s3:GetBucketLocation",
                "s3:GetObject",
                "s3:ListBucket",
                "s3:ListBucketMultipartUploads",
                "s3:PutObject"
            ],
            "Resource": [
                "arn:aws:s3:::testbucket121f",
                "arn:aws:s3:::testbucket121f/*",
                "arn:aws:s3:::%FIREHOSE_BUCKET_NAME%",
                "arn:aws:s3:::%FIREHOSE_BUCKET_NAME%/*"
            ]
        },
        {
            "Sid": "",
            "Effect": "Allow",
            "Action": [
                "lambda:InvokeFunction",
                "lambda:GetFunctionConfiguration"
            ],
            "Resource": "arn:aws:lambda:eu-west-1:000000000000:function:%FIREHOSE_DEFAULT_FUNCTION%:%FIREHOSE_DEFAULT_VERSION%"
        },
        {
            "Sid": "",
            "Effect": "Allow",
            "Action": [
                "logs:PutLogEvents"
            ],
            "Resource": [
                "arn:aws:logs:eu-west-1:000000000000:log-group:/aws/kinesisfirehose/dsf:log-stream:*"
            ]
        },
        {
            "Sid": "",
            "Effect": "Allow",
            "Action": [
                "kinesis:DescribeStream",
                "kinesis:GetShardIterator",
                "kinesis:GetRecords"
            ],
            "Resource": "arn:aws:kinesis:eu-west-1:000000000000:stream/%FIREHOSE_STREAM_NAME%"
        },
        {
            "Effect": "Allow",
            "Action": [
                "kms:Decrypt"
            ],
            "Resource": [
                "arn:aws:kms:region:accountid:key/%SSE_KEY_ARN%"
            ],
            "Condition": {
                "StringEquals": {
                    "kms:ViaService": "kinesis.%REGION_NAME%.amazonaws.com"
                },
                "StringLike": {
                    "kms:EncryptionContext:aws:kinesis:arn": "arn:aws:kinesis:%REGION_NAME%:000000000000:stream/%FIREHOSE_STREAM_NAME%"
                }
            }
        }
    ]
}