{
    "Version": "2012-10-17",
    "Statement": [
        {
            "Effect": "Allow",
            "Resource": "*",
            "Action": [
                "ec2:DescribeInstances",
                "ec2:CreateNetworkInterface",
                "ec2:AttachNetworkInterface",
                "ec2:DescribeNetworkInterfaces",
                "ec2:DeleteNetworkInterface",
                "ec2:DetachNetworkInterface",
                "ec2:ModifyNetworkInterfaceAttribute",
                "ec2:ResetNetworkInterfaceAttribute",
                "autoscaling:CompleteLifecycleAction"
            ]
        }
    ]
}