{
    "Version": "2012-10-17",
    "Statement": [
        {
            "Sid": "VisualEditor0",
            "Effect": "Allow",
            "Action": [
                "sqs:DeleteMessage",
                "sqs:GetQueueUrl",
                "sqs:ListDeadLetterSourceQueues",
                "sqs:ChangeMessageVisibility",
                "sqs:DeleteMessageBatch",
                "sqs:SendMessageBatch",
                "sqs:ReceiveMessage",
                "sqs:SendMessage",
                "sqs:GetQueueAttributes",
                "sqs:ChangeMessageVisibilityBatch"
            ],
            "Resource": "*"
        }
    ]
}