{
    "Version": "2012-10-17",
    "Statement": [
        {
            "Sid": "VisualEditor0",
            "Effect": "Allow",
            "Action": [
                "cloudformation:CreateUploadBucket",
                "cloudformation:ListExports",
                "cloudformation:CancelUpdateStack",
                "cloudformation:UpdateTerminationProtection",
                "cloudformation:DescribeStackResource",
                "cloudformation:CreateChangeSet",
                "cloudformation:DeleteChangeSet",
                "cloudformation:ContinueUpdateRollback",
                "cloudformation:EstimateTemplateCost",
                "cloudformation:DescribeStackEvents",
                "cloudformation:UpdateStack",
                "cloudformation:DescribeAccountLimits",
                "cloudformation:DescribeChangeSet",
                "cloudformation:ExecuteChangeSet",
                "cloudformation:ListStackResources",
                "cloudformation:ListStacks",
                "cloudformation:ListImports",
                "cloudformation:DescribeStackResources",
                "cloudformation:SignalResource",
                "cloudformation:GetTemplateSummary",
                "cloudformation:DescribeStacks",
                "cloudformation:PreviewStackUpdate",
                "cloudformation:GetStackPolicy",
                "cloudformation:CreateStack",
                "cloudformation:GetTemplate",
                "cloudformation:DeleteStack",
                "cloudformation:ValidateTemplate",
                "cloudformation:ListChangeSets"
            ],
            "Resource": "*"
        }
    ]
}