{
    "Statement": [
        {
            "Action": [
                "s3:GetObject",
                "s3:GetObjectVersion",
                "s3:GetBucketVersioning"
            ],
            "Resource": "*",
            "Effect": "Allow"
        },
        {
            "Action": [
                "s3:PutObject"
            ],
            "Resource": [
                "arn:aws:s3:::codepipeline*"
            ],
            "Effect": "Allow"
        },
        {
            "Action": [
                "lambda:*"
            ],
            "Resource": [
                "arn:aws:lambda:eu-west-1:000000000000:function:*"
            ],
            "Effect": "Allow"
        },
        {
            "Action": [
                "apigateway:*"
            ],
            "Resource": [
                "arn:aws:apigateway:eu-west-1::*"
            ],
            "Effect": "Allow"
        },
        {
            "Action": [
                "iam:GetRole",
                "iam:CreateRole",
                "iam:DeleteRole",
                "iam:PutRolePolicy"
            ],
            "Resource": [
                "arn:aws:iam::000000000000:role/*"
            ],
            "Effect": "Allow"
        },
        {
            "Action": [
                "iam:AttachRolePolicy",
                "iam:DeleteRolePolicy",
                "iam:DetachRolePolicy"
            ],
            "Resource": [
                "arn:aws:iam::000000000000:role/*"
            ],
            "Effect": "Allow"
        },
        {
            "Action": [
                "iam:PassRole"
            ],
            "Resource": [
                "*"
            ],
            "Effect": "Allow"
        },
        {
            "Action": [
                "cloudformation:CreateChangeSet"
            ],
            "Resource": [
                "arn:aws:cloudformation:eu-west-1:aws:transform/Serverless-2016-10-31"
            ],
            "Effect": "Allow"
        },
        {
            "Action": [
                "codedeploy:CreateApplication",
                "codedeploy:DeleteApplication",
                "codedeploy:RegisterApplicationRevision"
            ],
            "Resource": [
                "arn:aws:codedeploy:eu-west-1:000000000000:application:*"
            ],
            "Effect": "Allow"
        },
        {
            "Action": [
                "codedeploy:CreateDeploymentGroup",
                "codedeploy:CreateDeployment",
                "codedeploy:GetDeployment"
            ],
            "Resource": [
                "arn:aws:codedeploy:eu-west-1:000000000000:deploymentgroup:*"
            ],
            "Effect": "Allow"
        },
        {
            "Action": [
                "codedeploy:GetDeploymentConfig"
            ],
            "Resource": [
                "arn:aws:codedeploy:eu-west-1:000000000000:deploymentconfig:*"
            ],
            "Effect": "Allow"
        }
    ],
    "Version": "2012-10-17"
}