{
    "Version": "2012-10-17",
    "Statement": [
        {
            "Effect": "Allow",
            "Resource": [
                "arn:aws:logs:eu-west-1:000000000000:log-group:/aws/codebuild/*",
                "arn:aws:logs:eu-west-1:000000000000:log-group:/aws/codebuild/*:*"
            ],
            "Action": [
                "logs:CreateLogGroup",
                "logs:CreateLogStream",
                "logs:PutLogEvents"
            ]
        },
        {
            "Effect": "Allow",
            "Resource": [
                "arn:aws:s3:::codepipeline-eu-west-1-*"
            ],
            "Action": [
                "s3:PutObject",
                "s3:GetObject",
                "s3:GetObjectVersion"
            ]
        },
        {
            "Effect": "Allow",
            "Resource": [
                "arn:aws:s3:::testbucket121f/*"
            ],
            "Action": [
                "s3:PutObject"
            ]
        }
    ]
}